{"cameraMode":{"drawMode":0,"name":"Shaded","section":"Shading Mode"},"sceneLighting":true,"audioPlay":false,"sceneViewState":{"m_AlwaysRefresh":false,"showFog":true,"showSkybox":true,"showFlares":true,"showImageEffects":true,"showParticleSystems":true,"showVisualEffectGraphs":true,"m_FxEnabled":true},"in2DMode":false,"pivot":{"x":364.63189697265627,"y":293.9100036621094,"z":-60.996002197265628},"rotation":{"x":0.15473955869674684,"y":-0.08878698945045471,"z":0.013963990844786168,"w":0.9838609099388123},"size":137.77879333496095,"orthographic":false}