{"cameraMode":{"drawMode":0,"name":"Shaded","section":"Shading Mode"},"sceneLighting":false,"audioPlay":false,"sceneViewState":{"m_AlwaysRefresh":false,"showFog":true,"showSkybox":false,"showFlares":true,"showImageEffects":true,"showParticleSystems":true,"showVisualEffectGraphs":true,"m_FxEnabled":true},"in2DMode":false,"pivot":{"x":-2.9810266494750978,"y":0.3866989016532898,"z":3.680316925048828},"rotation":{"x":-0.0034665195271372797,"y":-0.9228062629699707,"z":-0.008305493742227555,"w":0.38515985012054446},"size":1.561410665512085,"orthographic":false}